id,name,host_id,host_name,neighbourhood_group,neighbourhood,latitude,longitude,room_type,price,minimum_nights,number_of_reviews,last_review,reviews_per_month,calculated_host_listings_count,availability_365,number_of_reviews_ltm,license
2992450,Luxury 2 bedroom apartment,4621559,Kenneth,,THIRD WARD,42.65789,-73.7537,Entire home/apt,70,28,9,2022-08-17,0.07,1,159,0,
3820211,Funky Urban Gem: Prime Central Location - Parking!,19648678,Terra,,SIXTH WARD,42.65222,-73.76724,Entire home/apt,104,2,311,2025-08-04,2.31,5,339,6,
5651579,Large studio apt  by Capital Center & ESP@,29288920,Gregg,,SECOND WARD,42.64615,-73.75966,Entire home/apt,75,2,372,2025-08-04,2.96,2,16,6,
6623339,Cozy City Stay ¬∑ Free Parking + Walkable Location,19648678,Terra,,SIXTH WARD,42.65222,-73.76724,Entire home/apt,92,2,332,2025-06-30,2.66,5,348,4,
9005989,"Studio in The heart of Center SQ, in Albany NY",17766924,Sugey,,SIXTH WARD,42.65559,-73.76506,Entire home/apt,86,1,623,2025-08-03,5.63,1,217,25,
9501054,Spacious suite with full bath by Capital  Center,29288920,Gregg,,SECOND WARD,42.64734,-73.75851,Private room,59,1,431,2025-08-13,3.69,2,234,39,
10768745,Alb hospital area studio bath wifi. (Red),5691268,Elizabeth,,FOURTEENTH WARD,42.66078,-73.80553,Private room,47,1,833,2025-08-21,7.14,2,149,131,
11253948,/Fire Place Bungalow\ 1917 SUNY Eagle 6Beds 2Baths,4259750,Peter,,FIFTEENTH WARD,42.67567,-73.82438,Entire home/apt,184,1,207,2025-08-18,1.83,8,340,49,
11639446,$55twin($30 foreign student)FreeBF Noa/c no smoke,61700428,Abdullah,,ELEVENTH WARD,42.67583,-73.78297,Private room,55,15,231,2024-02-29,2.05,2,364,0,
12799126,Private Room in the Hearth of the Albany,69729286,Musab,,SIXTH WARD,42.65154,-73.76867,Private room,47,5,29,2025-08-09,0.47,2,279,1,
13083497,Pristine Cape Cod on the Creek - 4 Large Bedrooms,1364123,Akhilesh,,FIFTEENTH WARD,42.66972,-73.82753,Entire home/apt,219,2,192,2025-08-18,1.72,1,344,9,
14316232,"Unique Modern Room, Perfect Location Albany",36438637,Chad,,TENTH WARD,42.65726,-73.78219,Private room,45,18,54,2025-05-08,0.49,2,340,3,
14989805,/Miller Colonial\ 1946 SUNY Eagle Hill 5Bed 2Baths,4259750,Peter,,FIFTEENTH WARD,42.673512,-73.819679,Entire home/apt,204,1,119,2025-08-10,1.11,8,355,19,
15580397,Albany Medical/Downtown Albany/Colleges/ ROOM H,89705052,Share,,NINTH WARD,42.65651,-73.77887,Private room,54,2,50,2025-08-29,0.50,2,118,6,
16531782,On a little park in Albany pine hills. (Blue),5691268,Elizabeth,,FOURTEENTH WARD,42.66075,-73.80605,Private room,60,1,512,2025-07-26,7.97,2,346,82,
17238066,"$53($25 foreign student)Twin, noa/cno
Smoke freeBF",61700428,Abdullah,,FIFTH WARD,42.67614,-73.78169,Private room,,15,132,2024-08-01,1.29,2,364,0,
17514620,Cozy Modern Room Perfect Location Albany,36438637,Chad,,TENTH WARD,42.6584,-73.78309,Private room,41,18,56,2024-11-02,0.54,2,332,2,
18341426,/Sauna Ranch 1961\ SUNY Eagle Hill 4Beds 1Bath,4259750,Peter,,FIFTEENTH WARD,42.67637,-73.82395,Entire home/apt,555,1,58,2024-08-13,0.64,8,365,0,
19527043,Charming 1 Bedroom in a Historic Residential Home,15223767,Ed,,NINTH WARD,42.65312,-73.78161,Private room,70,1,88,2025-08-10,1.05,3,233,8,
19822913,The Honey Comb hideout,140060931,McKinley,,FOURTH WARD,42.668842904707454,-73.74151370795786,Entire home/apt,193,2,1,2025-08-04,0.88,1,89,1,
20519885,8 year SuperHost 5Bedroom In Albany,67171774,Michael And Flerida,,FOURTEENTH WARD,42.65846,-73.80201,Entire home/apt,290,4,123,2025-08-24,1.29,1,352,22,
20620135,/Red Warhol Ranch\ 1959 SUNY Eagle Hill 4beds1Bath,4259750,Peter,,FIFTEENTH WARD,42.675,-73.82382,Entire home/apt,166,1,84,2025-08-18,0.87,8,358,26,
20633175,"Garden Apartment, on the Park, close to Capital.",65414985,James,,SEVENTH WARD,42.64939,-73.76865,Entire home/apt,116,2,131,2024-05-12,1.44,2,332,0,
20671966,"The Metropolitan,3rd floor suite",98744672,Bela,,NINTH WARD,42.65532,-73.78244,Entire home/apt,68,2,48,2025-05-19,0.49,8,255,7,
21052414,Cozy bedroom with (2) walk-in closets,135717458,Chad,,THIRTEENTH WARD,42.66565,-73.77975,Private room,36,18,46,2025-05-19,0.53,3,326,4,
21392315,The Blair Suite,98744672,Bela,,NINTH WARD,42.65372,-73.78244,Entire home/apt,60,2,133,2025-08-30,1.40,8,317,13,
21449583,/zBig Blue Ranch\ 1962 SUNY Eagle Hill 4Beds 2Bath,4259750,Peter,,FIFTEENTH WARD,42.67547,-73.82402,Entire home/apt,749,4,9,2025-08-05,0.10,8,364,1,
21752534,"NEW LISTING! Modern, completely updated, LOCATION!",152762198,Allen,,TENTH WARD,42.66045,-73.77833,Entire home/apt,67,3,183,2025-07-31,1.93,9,347,11,
21769213,Cozy downstairs bedroom in quiet neighborhood!,135717458,Chad,,ELEVENTH WARD,42.66572,-73.77834,Private room,32,18,34,2025-08-30,0.36,3,283,7,
21769439,Cozy upstairs room with (1) walk-in closet,135717458,Chad,,ELEVENTH WARD,42.66703,-73.77842,Private room,35,18,26,2025-01-24,0.28,3,365,3,
22398196,Elegant Guest Suite in our beautiful Victorian!,98744672,Bela,,NINTH WARD,42.65501,-73.78122,Private room,54,2,127,2025-09-02,1.36,8,293,14,
24606880,The Western Suite,98744672,Bela,,NINTH WARD,42.65431,-73.78178,Private room,54,2,53,2025-08-16,0.63,8,338,8,
25549565,Quiet and Pretty in the Heart of Center Square,9666970,Janet,,SIXTH WARD,42.65345,-73.7645,Entire home/apt,104,1,958,2025-08-20,10.86,1,151,103,
26139592,Garden Apartment in Ctr. Square: Monthly Discounts,6833937,Farah,,SIXTH WARD,42.65403,-73.76325,Entire home/apt,81,2,152,2025-09-01,1.76,1,334,34,
27670660,The Rock & Roll Suite,98744672,Bela,,NINTH WARD,42.6543083190918,-73.78177642822266,Private room,59,2,30,2025-08-19,0.38,8,317,6,
27692601,Albany Cozy home with fireplaces and Sunroom,202580880,Rosanne,,EIGHTH WARD,42.64514,-73.80668,Entire home/apt,,3,16,2025-08-03,0.19,1,179,2,
28341274,Private room in historic building on the park,54394342,Alice,,SIXTH WARD,42.65821,-73.76917,Private room,91,1,100,2025-09-01,1.18,1,361,27,
28400263,Private Room in Historic Residential Home,15223767,Ed,,NINTH WARD,42.65464,-73.78348,Private room,50,1,272,2025-06-28,3.28,3,172,13,
28722270,‚úçHistoric Loft Suite @ Downtown Albany,44434571,Earl Vanze,,SECOND WARD,42.64535,-73.75365,Entire home/apt,70,1,711,2025-09-03,8.61,11,353,62,
28868857,‚≠êCozy Garden Suite Full Amenities @Downtown Albany,44434571,Earl Vanze,,SECOND WARD,42.64535,-73.75365,Entire home/apt,54,1,647,2025-09-01,7.89,11,353,72,
28929840,"Spacious
private suite and private bath",194113768,Rachel,,FOURTH WARD,42.6737,-73.75313,Private room,71,1,7,2024-06-09,0.08,1,143,0,
29605579,Funky Urban Gem: Prime Central Location - Parking!,19648678,Terra,,SIXTH WARD,42.65235,-73.76714,Entire home/apt,82,2,112,2025-08-31,1.35,5,362,20,
30189794,Seashore Suite At The Inn on South Lake,98744672,Bela,,NINTH WARD,42.6533,-73.78114,Private room,54,2,70,2025-08-01,0.87,8,344,2,
31210362,Nest in Hazel,160340958,Jon,,FIFTEENTH WARD,42.67519,-73.82281,Private room,47,2,32,2025-05-27,0.39,1,326,5,
32279028,"Cosy, comfy and quiet for one",172223381,Diana,,EIGHTH WARD,42.64936,-73.80278,Private room,55,1,215,2025-07-23,2.70,2,10,10,
32450400,Moroccan Sands,97330032,Sherrell,,FOURTH WARD,42.6761,-73.73825,Private room,104,3,1,2024-10-28,0.10,1,270,1,
32993402,‚ú®Historic Full Amenities 2BR Apt @Downtown Albany,44434571,Earl Vanze,,SECOND WARD,42.64563,-73.75311,Entire home/apt,97,1,457,2025-08-30,5.80,11,334,38,
33558235,"Historic, Spacious & Fun 2BR Apt @ Downtown Albany",44434571,Earl Vanze,,SECOND WARD,42.64585,-73.75297,Entire home/apt,86,1,477,2025-08-29,6.14,11,359,57,
34330970,Muhammed Ali Lounge & Pool Hall ‚¨¢‚¨°,232967878,Diana,,SECOND WARD,42.64335,-73.7579,Entire home/apt,129,1,323,2025-07-26,4.24,21,19,36,
35793179,Cozy Bedroom in Historic Residential Home,15223767,Ed,,SEVENTH WARD,42.65259,-73.78223,Private room,50,1,207,2025-08-15,2.76,3,231,32,
35914565,Perfect Downtown Base | 1BR + Free Parking,232967878,Diana,,SECOND WARD,42.64506,-73.75727,Entire home/apt,91,2,317,2025-07-28,4.22,21,19,25,
36443605,Sophisticated Retreat: 2BR in heart of Albany,188679144,Elizabeth,,THIRTEENTH WARD,42.66619,-73.79031,Entire home/apt,93,2,54,2024-08-14,0.72,8,365,0,
38321579,Comfy and quiet,172223381,Diana,,EIGHTH WARD,42.65085,-73.80239,Private room,59,1,450,2025-09-04,6.17,2,235,105,
39093517,Center Square Safe 2 Bedroom Long  Stay w/ Parking,299638115,Flerida,,SIXTH WARD,42.65507,-73.76138,Entire home/apt,102,2,51,2025-08-16,0.73,4,347,10,
39698576,Spacious Designer 1-Bed Near Albany Med,188679144,Elizabeth,,NINTH WARD,42.65483,-73.78033,Entire home/apt,79,5,24,2025-04-14,0.34,8,355,1,
40491172,"Renovated, private parking,location, washer dryer!",152762198,Allen,,THIRTEENTH WARD,42.66827,-73.79231,Entire home/apt,121,3,136,2025-07-31,1.94,9,347,24,
40828178,Comfortable! One Bedroom A/C Apartment Queen Bed,47491906,Lloyd,,FOURTH WARD,42.67773,-73.73899,Entire home/apt,121,1,173,2025-02-16,2.52,1,249,6,
41319631,Modern Carriage in the Heart of Albany,59864591,Daniel,,SIXTH WARD,42.65115,-73.7668,Entire home/apt,97,30,4,2023-01-06,0.07,1,66,0,
42009788,Center Square Sanctuary: Private 2-Bedroom Gem,188679144,Elizabeth,,SIXTH WARD,42.65315,-73.76202,Entire home/apt,88,7,25,2025-06-07,0.37,8,365,2,
42391372,Central Albany Apartment: Walk to State Capitol!,121680792,Evolve,,SECOND WARD,42.6469,-73.75761,Entire home/apt,178,3,27,2022-10-27,0.43,6,99,0,
42567833,Homey,339085327,Arkady,,NINTH WARD,42.65567,-73.7854,Entire home/apt,160,70,0,,,1,365,0,
42689068,Tribeca triplex minutes from Times Union Center,232967878,Diana,,SECOND WARD,42.64346,-73.75757,Entire home/apt,113,1,52,2025-08-17,0.78,21,85,5,
42763847,Charming dog friendly home with private yard!,649068,Anthony,,FIRST WARD,42.63876,-73.78535,Entire home/apt,103,1,126,2025-08-11,1.93,1,237,28,
43208391,Cozy Historic 2BD Apt @ Downtown Albany,272907816,Angela,,SECOND WARD,42.64453,-73.75426,Entire home/apt,114,2,123,2025-08-18,2.04,3,104,27,
43459803,Luxury 1 bedroom Apt in the heart of Center Square,299638115,Flerida,,SIXTH WARD,42.65556,-73.76205,Entire home/apt,142,2,23,2025-08-23,0.41,4,350,7,
43736299,*The Blue House* Incredible 3 Bedroom Apartment,349460842,Scott,,TENTH WARD,42.66257,-73.78281,Entire home/apt,,1,131,2024-10-28,2.08,17,0,7,
43955950,* Quaint home located in residential neighborhood*,232967878,Diana,,EIGHTH WARD,42.64383,-73.78926,Entire home/apt,,2,91,2024-11-30,1.44,21,0,6,
44180048,Historic Queen Studio Across from Washington Park!,355777684,Lloyd,,SIXTH WARD,42.65935,-73.76805,Entire home/apt,104,1,379,2025-09-01,6.05,3,331,28,
44265426,Parkside Queen 1 Bedroom (1800's) Brownstone!,355777684,Lloyd,,SIXTH WARD,42.66006,-73.76966,Entire home/apt,104,1,307,2025-08-30,4.94,3,343,17,
44450012,Spacious upscale luxury apartment with huge yard,353498132,Michael,,EIGHTH WARD,42.64808,-73.7996,Entire home/apt,145,13,26,2024-11-26,0.42,6,357,1,
45024912,Private Apt Queen 1 Bed Sanctuary with many Extras,362851072,Elsa,,FOURTEENTH WARD,42.66132,-73.7956,Entire home/apt,132,1,129,2025-01-12,2.11,1,310,1,
45074220,Secluded Studio Loft 3fl@ Historic Downtown Albany,272907816,Angela,,SECOND WARD,42.64454,-73.75369,Entire home/apt,75,1,48,2025-08-13,0.99,3,109,16,
45313545,Adorable & Trendy 1 Bd Apt Minutes to Albany Med!,165293595,Kori,,NINTH WARD,42.6545,-73.78223,Entire home/apt,86,2,164,2025-08-23,2.76,1,215,35,
45528939,UNIQUE Gem in HEART of Albany ‚òÖ Spiral Staircase,47625981,Linda,,SECOND WARD,42.64801,-73.75668,Entire home/apt,108,1,100,2025-07-07,1.78,18,114,4,
45529316,WOW ‚òÖ Bright Apt ‚òÖ PRIME downtown Walk Everywhere,47625981,Linda,,SECOND WARD,42.64821,-73.75793,Entire home/apt,109,1,127,2025-07-30,2.26,18,339,20,
45529447,‚òÖ 2 BEDROOM / 1 BATH TRENDY Apt ‚òÖ Downtown Albany,47625981,Linda,,SECOND WARD,42.64713,-73.75628,Entire home/apt,117,1,147,2025-07-06,2.63,18,106,13,
46894493,Our Antique Bungalow,69789449,Dan,,NINTH WARD,42.65311,-73.78525,Entire home/apt,152,1,265,2025-08-09,4.75,1,314,37,
47334913,"Newly renovated,Amazing Location,private parking",152762198,Allen,,THIRTEENTH WARD,42.66646,-73.79184,Entire home/apt,90,3,103,2025-08-27,1.84,9,247,25,
47345872,Funky Urban Gem: Prime Central Location - Parking!,19648678,Terra,,SIXTH WARD,42.65345,-73.76663,Entire home/apt,82,1,69,2025-08-27,1.24,5,344,18,
47408047,"Quiet cozy apartment, private laundry, great spot!",152762198,Allen,,FOURTEENTH WARD,42.67156,-73.80883,Entire home/apt,77,3,73,2025-08-30,1.32,9,361,16,
47440071,The Historic J. Buel Farmhouse - Luxury Suite Loft,382970529,Thomas,,THIRTEENTH WARD,42.6692,-73.79849,Private room,91,1,180,2025-08-29,3.19,17,64,37,
47828453,Center Square Albany 2BR Apt w/Parking near all,299638115,Flerida,,THIRD WARD,42.656,-73.76123,Entire home/apt,106,2,26,2025-08-22,0.47,4,310,8,
47902629,"Renovated 2br/2ba, close to Alb Med & St. Petes.",21886921,David,,THIRTEENTH WARD,42.66744,-73.79216,Entire home/apt,140,14,10,2025-07-26,0.19,2,365,3,
47943571,Downtown Albany 1 Bed + Workstation @ Maiden Lane,385664127,Dillon,,THIRD WARD,42.65118,-73.75274,Entire home/apt,97,2,172,2025-07-12,3.10,2,226,24,
48052353,*The Rustic Home* 3 Bedroom Second Floor Apartment,349460842,Scott,,TENTH WARD,42.66261,-73.78332,Entire home/apt,192,1,172,2025-08-03,3.10,17,182,23,
48124042,Downtown Albany 2 Bedroom + Workstation @ The Mark,385664127,Dillon,,THIRD WARD,42.64982,-73.7509,Entire home/apt,93,1,234,2025-06-29,4.71,2,204,40,
48172884,The Down Under Suite,98744672,Bela,,NINTH WARD,42.65399,-73.78126,Private room,45,2,81,2025-08-03,1.48,8,284,16,
48470454,"/ New Giant Victorian \ 7beds 6 baths + 2x 85"" TVs",4259750,Peter,,THIRTEENTH WARD,42.66526412963867,-73.78692626953125,Entire home/apt,,2,46,2025-08-03,1.21,8,330,12,
48599533,Capital View I,392074908,Jerry,,SIXTH WARD,42.65429,-73.75986,Entire home/apt,94,2,105,2025-08-04,2.12,4,179,5,
50171851,Beautiful Center Square Garden-Level Unit,48490017,Todd,,SIXTH WARD,42.65157,-73.76546,Entire home/apt,78,2,200,2025-08-18,4.04,1,42,33,
50207226,‚òÖ RARE 1BR Apt with Character GREAT Location! W/D‚òÖ,47625981,Linda,,FOURTH WARD,42.65888,-73.74673,Entire home/apt,104,1,95,2025-08-10,1.84,18,115,20,
50211226,Cozy Studio By Washington Park | Walkable!,105597161,Katelyn,,ELEVENTH WARD,42.66034,-73.77163,Entire home/apt,104,2,194,2025-08-17,4.32,1,285,29,
50354540,Heart of Center Square: Designer 2-Bed Retreat,188679144,Elizabeth,,SIXTH WARD,42.65333,-73.76402,Entire home/apt,102,3,19,2025-08-04,0.37,8,363,5,
50890336,"‚òÖCHIC, Renovated Brownstone‚òÖ in PRIME DT Albany",47625981,Linda,,FOURTH WARD,42.65901,-73.74748,Entire home/apt,108,1,45,2024-07-25,0.90,18,114,0,
51230498,"Chic-romantic, center-city, hotel-style apartment.",414738935,Sonya,,THIRD WARD,42.66064,-73.76074,Entire home/apt,65,1,267,2025-08-19,5.32,1,179,44,
51461480,üçÉChic & Cozy Near Washington Park Garden Suite,416799784,Rosie,,TENTH WARD,42.65969,-73.77564,Entire home/apt,109,7,30,2025-06-26,0.64,1,114,7,
51503537,Walk to Everything Downtown Albany! Luxury Apt!,394420519,Christopher,,THIRD WARD,42.65061,-73.75006,Entire home/apt,101,4,10,2025-06-24,0.21,1,270,2,
51579900,‚òÖMODERN 1BR GREAT Location Downtown! W/D Parking!‚òÖ,47625981,Linda,,FOURTH WARD,42.65856,-73.74866,Entire home/apt,99,1,84,2025-08-17,1.70,18,115,12,
51592836,Lovely 1 Bedroom Unit In Historic Brownstone!,60293220,David,,THIRD WARD,42.65844,-73.74978,Entire home/apt,90,2,94,2025-08-11,1.97,3,360,10,
51710034,Empire Plaza View I,392074908,Jerry,,SIXTH WARD,42.65269,-73.76076,Entire home/apt,86,2,45,2025-07-31,0.92,4,364,9,
52152157,"Modern space, everything you could want!",152762198,Allen,,FIRST WARD,42.63066,-73.77357,Entire home/apt,97,3,80,2025-08-21,1.67,9,167,20,
52241973,Garden Apartment in Historic Center Square Home,35465673,Jason,,SIXTH WARD,42.65641,-73.76413,Entire home/apt,75,1,345,2025-08-20,7.28,1,46,83,
52360097,Empire Plaza View II,392074908,Jerry,,SIXTH WARD,42.65386,-73.75958,Entire home/apt,94,2,77,2025-08-02,1.60,4,363,3,
52611613,* Adorable home w/parking near great restaurants *,232967878,Diana,,NINTH WARD,42.65674,-73.79221,Entire home/apt,148,2,142,2025-07-11,3.00,21,231,23,
52619545,Artful 2BR Escape | Walkable + Parking,232967878,Diana,,THIRTEENTH WARD,42.67102,-73.79454,Entire home/apt,107,2,98,2025-08-16,2.06,21,24,23,
52691284,+ Perfect place to make memories with loved ones +,232967878,Diana,,TENTH WARD,42.66236,-73.79245,Entire home/apt,476,2,95,2025-08-17,2.01,21,251,21,
52836323,*Hidden gem w/in walking distance to Madison Ave *,232967878,Diana,,THIRTEENTH WARD,42.67242,-73.79292,Entire home/apt,138,2,87,2025-08-02,1.93,21,56,9,
52837196,‚òÖMODERN 1BR Apt w/ PRIVATE deck! W/D‚òÖ,47625981,Linda,,FOURTH WARD,42.65812,-73.74837,Entire home/apt,104,1,84,2025-08-10,1.78,18,110,19,
52863776,Washington Parkside 1 Bedroom In 1800s Brownstone!,355777684,Lloyd,,SIXTH WARD,42.65826,-73.76944,Entire home/apt,107,1,228,2025-09-01,4.85,3,338,54,
53312101,City Stay Near The Egg | 1BR + Parking,232967878,Diana,,SECOND WARD,42.64369,-73.7581,Entire home/apt,76,2,67,2025-07-28,1.45,21,25,14,
53483727,Spacious Urban APT w/4BR & Office in Albany,433096110,Brian,,FOURTEENTH WARD,42.65824,-73.80114,Entire home/apt,195,1,169,2025-09-01,3.78,3,216,33,
53567589,Private Garden Apt in Downtown Albany|Pets Allowed,433096110,Brian,,SIXTH WARD,42.65204,-73.76655,Entire home/apt,98,1,282,2025-09-01,6.20,3,358,60,
53645427,‚òÖ BEAUTIFUL  2 BED 2 BATH  w/ SOAKER TUB + W/D‚òÖ,47625981,Linda,,FOURTH WARD,42.65913,-73.74722,Entire home/apt,136,1,127,2025-08-15,2.79,18,88,28,
53860077,/ Sauna Garden Getaway\ 1943 SUNY Eagle Hill,4259750,Peter,,FIFTEENTH WARD,42.674675,-73.822861,Entire home/apt,211,1,48,2025-08-20,1.14,8,350,22,
53971505,Charming 1 Bdrm Garden Apt in Historic Brownstone,60293220,David,,FOURTH WARD,42.65873,-73.7494,Entire home/apt,,13,3,2022-12-31,0.07,3,365,0,
54097694,B Unieke,438504176,Roland,,SECOND WARD,42.64683,-73.75662,Entire home/apt,,1,0,,,1,0,0,
54126420,Beautiful 1 bedroom in a quiet residential area.,37769478,Erion,,TENTH WARD,42.66261,-73.79026,Entire home/apt,82,1,115,2025-08-28,2.92,12,355,31,
54126421,Beautiful Apartment in the heart of Albany,37769478,Erion,,SIXTH WARD,42.65422,-73.76996,Entire home/apt,102,1,73,2025-08-18,1.74,12,355,12,
54126427,Beautiful 1 bedroom In the heart of Albany,37769478,Erion,,SIXTH WARD,42.65403,-73.77056,Entire home/apt,93,1,149,2025-09-03,3.34,12,350,47,
54128829,Modern & Cozy Cntr Square Townhouse Gem from 1854,265709295,Priscela Lizette,,SIXTH WARD,42.65594,-73.76591,Entire home/apt,144,1,255,2025-08-07,5.91,2,339,39,
54150131,Charming 170-Year-Old Home in the Heart of Albany,432936385,Jared,,SIXTH WARD,42.65143,-73.76497,Entire home/apt,140,1,240,2025-08-29,5.68,1,82,76,
54369238,"Cozy townhouse, close to hospital, free parking!",152762198,Allen,,NINTH WARD,42.65578,-73.78641,Entire home/apt,99,3,69,2025-08-24,1.92,9,248,30,
54369240,Lovely 1 bedroom rental close to Alb Med!,152762198,Allen,,TENTH WARD,42.65905,-73.77964,Entire home/apt,77,3,60,2025-07-07,1.50,9,358,13,
559249822516788574,Cozy 1 bedroom with office and luxurious King size,433884293,Uniah,,NINTH WARD,42.66062,-73.79112,Entire home/apt,68,6,2,2023-06-26,0.06,1,363,0,
581057744765912905,‚óÜUNIQUE‚óÜ spacious LOFT with photo studio w/d!,47625981,Linda,,THIRD WARD,42.65848,-73.76359,Entire home/apt,93,1,45,2025-03-23,1.06,18,253,4,
588298411730694861,Modern one bedroom with free off street parking,353498132,Michael,,SECOND WARD,42.64441,-73.75647,Entire home/apt,119,13,15,2025-08-08,0.38,6,350,4,
593272120497643087,The Historic J. Buel Farmhouse - Luxury Suite,382970529,Thomas,,THIRTEENTH WARD,42.66911,-73.79869,Private room,114,1,133,2025-08-26,3.44,17,77,31,
617242073954595468,Iconic City Center Apt in Downtown | Pets Allowed,433096110,Brian,,SIXTH WARD,42.65353,-73.7679,Entire home/apt,128,1,197,2025-09-01,4.85,3,322,59,
619695112394148331,Modern luxury one bedroom with off street parking,353498132,Michael,,SECOND WARD,42.64489,-73.75731,Entire home/apt,120,13,10,2024-08-01,0.26,6,256,0,
621960198566758900,The Historic Jesse Buel Farmhouse w/ Heated Pool,382970529,Thomas,,FOURTEENTH WARD,42.66762,-73.79919,Entire home/apt,1322,1,17,2025-07-20,0.44,17,320,6,
628163387057233327,‚òÖSPACIOUS 1BR Apt w/ Character 10ft Ceilings W/D!‚òÖ,47625981,Linda,,SECOND WARD,42.64528,-73.75861,Entire home/apt,99,1,62,2025-08-17,1.57,18,107,15,
628824127129967353,Clean lines and accessible Convenient Location!,7164949,Jordan,,THIRD WARD,42.66169974831227,-73.76466827605744,Private room,63,3,0,,,1,88,0,
631035244220396236,‚òÖPRIVATE 1 BDRM Newly Renovated Apt W/D Patio‚òÖ,47625981,Linda,,SECOND WARD,42.64558,-73.75928,Entire home/apt,99,1,58,2025-06-02,1.45,18,361,8,
634108143238179968,Perfect for Families and Traveling Professionals,119340359,Lori,,SIXTH WARD,42.65323,-73.76797,Entire home/apt,,30,103,2025-07-30,2.60,2,0,2,
638900897313146306,ü™¥ Historic & Homey 1 Bdrm Apt @ Downtown Albany,335923036,Mohammed,,SECOND WARD,42.645351,-73.753647,Entire home/apt,1050,1,10,2023-08-26,0.25,1,365,0,
649973892551492641,Modern luxury studio with free off street parking,353498132,Michael,,SECOND WARD,42.64625,-73.75663,Entire home/apt,92,14,8,2024-11-26,0.22,6,174,1,
658638185191740358,CHEERFULL 3 BEDROOM HOME WITH FREE PARKING.,466389096,Patrice,,FIRST WARD,42.6374547,-73.7716647,Entire home/apt,140,7,5,2023-09-22,0.13,2,280,0,
662132809952482192,Beautiful 4 bedroom house Large eat in kitchen,466389096,Patrice,,FIRST WARD,42.6378819,-73.7715269,Entire home/apt,126,14,2,2024-08-12,0.05,2,279,0,
667644674529935702,Pied-a-terre albany,439560254,Sean,,SIXTH WARD,42.65541380925019,-73.76367520540953,Entire home/apt,110,2,113,2025-09-02,2.99,1,156,25,
668608096674070882,The Historic J. Buel Farmhouse-  Rose Feather Room,382970529,Thomas,,FOURTEENTH WARD,42.66758,-73.7992,Private room,61,1,143,2025-08-31,3.73,17,76,25,
668608486588067880,The Historic J. Buel Farmhouse - Silk Hearth Room,382970529,Thomas,,FOURTEENTH WARD,42.66764,-73.79908,Private room,61,1,120,2025-08-29,3.14,17,84,23,
677623197606854496,**New Listing! Modern 2 bdrm Apt in Mansion Area!,203631769,Johnny,,SECOND WARD,42.64531,-73.75963,Entire home/apt,,2,28,2023-09-29,0.75,1,0,0,
681952268271889535,Albany-2 bedrooms apt (1st fl) A&A-Sisters Rental,461579260,Md,,SECOND WARD,42.646896,-73.757612,Entire home/apt,140,1,3,2024-03-31,0.10,2,249,0,
687496906843024117,Albany-3 bedrooms apt (2nd fl) A&A-Sisters Rental,461579260,Md,,SECOND WARD,42.64621,-73.75723,Entire home/apt,156,1,4,2023-05-28,0.11,2,67,0,
689719338468663432,"Elegant, spacious studio apt in historic mansion",1717342,David,,SIXTH WARD,42.654057650371506,-73.76071299629517,Entire home/apt,81,1,284,2025-09-03,7.64,2,328,82,
692807914756117019,Relax in Style by Washington Park - Free Parking,67337944,Rabia,,ELEVENTH WARD,42.6623,-73.777,Entire home/apt,104,31,104,2025-02-23,3.17,1,246,6,
702275918734167701,Comfortable peaceful modern home to enjoy and work,114629237,Bronson,,FIFTH WARD,42.66892,-73.76795,Entire home/apt,132,1,2,2022-10-15,0.05,1,2,0,
703551649845095095,Cozy Albany Home,3650672,Zuhair,,THIRTEENTH WARD,42.67075,-73.79704,Entire home/apt,156,3,5,2025-07-05,0.37,1,98,2,
704544922160063127,Cozy 1 Bedroom Apt in  desirable Albany locale,58406953,Nicholas,,THIRTEENTH WARD,42.67485,-73.79867,Entire home/apt,87,2,4,2025-08-09,0.11,1,125,2,
705660262559003663,Luxurious one bedroom with off-street parking,353498132,Michael,,SECOND WARD,42.64577,-73.7583,Entire home/apt,110,13,9,2025-08-03,0.27,6,341,4,
717373135846408345,Charming Central Escape | 2BR + Parking,232967878,Diana,,THIRTEENTH WARD,42.67261,-73.79262,Entire home/apt,124,2,68,2025-08-20,1.95,21,13,20,
723956857052424266,"Modern home, King Bed 4 bed 2bath, Crib, parking",10279606,Noriyuki,,NINTH WARD,42.65691,-73.78389,Entire home/apt,160,1,256,2025-09-01,7.49,4,293,74,
724566770267420045,Cozy Greenwood Flat (1 BDR Apartment in Albany),360287870,Mela,,SIXTH WARD,42.6513719,-73.7673156,Entire home/apt,102,2,75,2025-08-24,3.06,1,29,32,
733964865705013296,Historic 1 bed/ 1 bath,502037254,Andrew,,SIXTH WARD,42.65035,-73.76549,Entire home/apt,68,14,1,2023-03-26,0.03,3,315,0,
735879623743921266,Modern & Homey 1BD/1BA Fl 1 Apt @ Downtown Albany,44434571,Earl Vanze,,THIRD WARD,42.64564,-73.75261,Entire home/apt,75,1,90,2025-08-25,2.59,11,346,32,
737574278276037589,4 bed all on one floor,232967878,Diana,,TENTH WARD,42.66069,-73.78555,Entire home/apt,250,1,46,2025-03-02,1.34,21,1,3,
739722503092755616,Adirondack Suite #1,98744672,Bela,,NINTH WARD,42.6543178,-73.7818222,Private room,45,2,39,2025-07-06,1.12,8,342,15,
743600140734706394,Cozy apartment 2min walk to Albanymed office space,484673863,Michaela,,NINTH WARD,42.65569,-73.77685,Entire home/apt,90,2,21,2025-08-10,0.64,3,305,14,
744430701454304507,"1 Bedroom on Lincoln Park, near Lark and Downtown",65414985,James,,SEVENTH WARD,42.6496,-73.76792,Entire home/apt,78,2,38,2025-08-03,1.30,2,332,18,
751421033442627559,Modern- Cozy Center City 2 Bedroom Apartment Style,486073806,Keneisha,,FIFTH WARD,42.66648,-73.76831,Entire home/apt,110,2,31,2025-08-04,1.00,1,360,6,
756752556396798800,Private Room in the Center of the Albany,69729286,Musab,,SIXTH WARD,42.65259,-73.76732,Private room,47,5,19,2025-07-12,0.58,2,191,4,
757342235277207834,Elegant Studio in Center Square,188679144,Elizabeth,,SIXTH WARD,42.65534,-73.76461,Entire home/apt,90,7,14,2025-03-31,0.41,8,248,2,
757978037279611051,Charming location near universities & hospital,232967878,Diana,,THIRTEENTH WARD,42.67261,-73.79262,Entire home/apt,104,2,58,2025-08-12,1.88,21,1,21,
761141715827746314,"Great place in the heart of Albany, with Parking",37769478,Erion,,SIXTH WARD,42.65405,-73.76953,Entire home/apt,105,1,46,2025-06-15,1.39,12,279,3,
764508866835218670,Rest+Restore Room ‚Ä¢ Short & Extended Stay ‚Ä¢,6203319,Melissa,,TENTH WARD,42.66117,-73.79091,Private room,82,1,36,2025-08-03,1.07,2,87,13,
774701102203414342,Entire cozy unit in Albany,261036923,Hasan,,FOURTEENTH WARD,42.6601,-73.80719,Entire home/apt,72,1,67,2025-08-01,2.05,1,251,20,
784781397995494758,Private bedroom and private bath w/separate entry,491907850,Donna,,FOURTEENTH WARD,42.66298,-73.81361,Private room,48,1,41,2025-09-04,1.32,1,158,26,
786181179052991690,Center Square Gem: Junior 1 Bedroom,188679144,Elizabeth,,THIRD WARD,42.65653,-73.76223,Entire home/apt,71,30,3,2024-01-27,0.12,8,364,0,
786196811078165173,Mansion in Albany 7minutes to Downtown Albany,444163492,Drasana,,FOURTH WARD,42.67996,-73.75352,Entire home/apt,,30,13,2024-02-25,0.42,1,0,0,
786228331433922432,Glamorous 1BR Retreat in Center Square,188679144,Elizabeth,,SIXTH WARD,42.65322,-73.76249,Entire home/apt,98,3,4,2024-11-09,0.17,8,355,1,
786316043239579100,Elegant newly renovated cozy smart apartment,253824490,Tomar,,FIFTH WARD,42.6591503133547,-73.75431932508945,Entire home/apt,86,2,36,2024-09-09,1.14,1,90,1,
787023821243442039,*The Allen House* Gorgeous Apartment - Sleeps 8,349460842,Scott,,FOURTEENTH WARD,42.6653,-73.7943,Entire home/apt,233,1,124,2025-08-24,4.03,17,217,43,
794723189688979530,Newly Renovated| Washer&Dryer|5G Wifi,20144241,Carla,,FIFTH WARD,42.67283,-73.77367,Entire home/apt,95,3,19,2025-09-01,0.68,1,340,11,
795541666227926706,Mads Mansion -Victorian Mansion on Washington Park,493882819,Terra,,NINTH WARD,42.656329,-73.7752048,Entire home/apt,800,1,7,2025-08-17,0.28,6,63,2,
796231143904004713,Mads Mansion - Room 4,493882819,Terra,,NINTH WARD,42.65582,-73.77541,Private room,135,1,12,2024-12-01,0.46,6,103,2,
797455132224782470,Albany Medical/colleges/Downtown Albany/ Room O,89705052,Share,,TENTH WARD,42.65741,-73.78034,Private room,52,2,20,2025-08-02,0.63,2,117,8,
802216634798169031,Mads Mansion - Room 6,493882819,Terra,,SIXTH WARD,42.65751,-73.77409,Private room,168,1,6,2024-10-13,0.24,6,98,1,
803604897479679272,3br/2ba Near Alb Med & St.Petes.,21886921,David,,FOURTEENTH WARD,42.66691,-73.79338,Entire home/apt,140,14,4,2025-06-21,0.15,2,309,2,
803682039097862541,Modern and Cozy Pine Hills Home from Early 1900s,265709295,Priscela Lizette,,THIRTEENTH WARD,42.6702921,-73.7907283,Entire home/apt,144,1,26,2025-08-07,1.47,2,339,19,
803814397190632412,Mads Mansion - Room 5,493882819,Terra,,NINTH WARD,42.656329,-73.775205,Private room,135,1,6,2024-10-11,0.23,6,96,1,
803867986023966300,Mads Mansion - Room 1,493882819,Terra,,NINTH WARD,42.656329,-73.775205,Private room,135,1,9,2024-10-29,0.34,6,93,1,
806767523952124375,& Modern Luxury Cottage in Central ALB,110453341,Alexis,,FIFTH WARD,42.6684126,-73.7684199,Entire home/apt,99,1,47,2025-08-03,1.48,1,183,15,
809524698302742033,Two bedroom apartment near hospitals pet friendly,172658781,Jessica,,NINTH WARD,42.65613971519499,-73.79212237894535,Entire home/apt,86,30,1,2025-05-04,0.24,1,137,1,
813640070361665090,The front room w/ TV and king size bed,116935236,Felicisimo,,THIRTEENTH WARD,42.67144,-73.79033,Private room,59,5,20,2025-09-05,0.78,5,351,8,
816085193659797849,Cozy Apartment across the Park,37769478,Erion,,SIXTH WARD,42.65258,-73.76917,Entire home/apt,105,1,47,2025-08-25,1.50,12,365,17,
821566342267452838,COMFY Room/w Private BATH + TV,177073982,Cristian,,FOURTEENTH WARD,42.66109,-73.80479,Private room,,180,3,2023-11-30,0.10,2,67,0,
823275570359807298,Cozy Home 5 Minute Walk to Albany Medical Center,500360485,Manjano,,SIXTH WARD,42.65184,-73.77074,Entire home/apt,,7,0,,,1,0,0,
826301775871257033,2 br apt 2 min walk to albanymed offstreet parking,484673863,Michaela,,NINTH WARD,42.65613,-73.77469,Entire home/apt,81,1,52,2025-08-29,1.68,3,344,35,
831122937768017113,Boho-Chic Cape Conveniently Located,210596861,Craig,,FIFTEENTH WARD,42.67076,-73.82612,Entire home/apt,223,2,113,2025-08-22,3.73,1,329,40,
841524382518312215,Mellow Cove,462042479,Natasha,,SIXTH WARD,42.66008,-73.76977,Entire home/apt,120,3,6,2024-07-09,0.25,2,365,0,
841524433909352403,Cozy Cove Away From Home,462042479,Natasha,,SIXTH WARD,42.65987,-73.77025,Entire home/apt,120,3,12,2023-12-03,0.45,2,364,0,
843481456379840308,Center Square Serenity: 2-Bedroom Elegance,188679144,Elizabeth,,SIXTH WARD,42.65483,-73.76353,Entire home/apt,92,14,2,2023-09-04,0.07,8,364,0,
845960193409947556,Modern Cottage-Perfect for Families!,268741708,Antoinette,,FIRST WARD,42.63504,-73.79833,Entire home/apt,274,2,130,2025-08-31,4.35,1,113,49,
846586211673806912,Spacious Home Away from Home!,49372011,Philip,,TWELFTH WARD,42.67336,-73.78619,Entire home/apt,156,3,19,2025-01-24,0.65,1,248,1,
850173470105833039,Stunning Guest Suite in Historic 1874 Row House,120815848,Phat,,SECOND WARD,42.6446,-73.75885,Private room,86,1,188,2025-08-24,6.38,1,326,68,
850653820133738660,"Plum room, private queen near Albany Med, UAlbany",20536619,Emily,,THIRTEENTH WARD,42.67177,-73.79464,Private room,76,4,16,2025-05-22,0.62,13,63,8,
857981934159027424,Updated Historic Brownstone Apt.,60293220,David,,THIRD WARD,42.65817,-73.74935,Entire home/apt,90,2,26,2025-08-04,0.93,3,334,9,
870457209918967324,Quiet Room Near Everything,177073982,Cristian,,FOURTEENTH WARD,42.66128,-73.80548,Private room,,180,4,2024-03-02,0.17,2,179,0,
881231954286264195,Exposed Brick with Park Views,37769478,Erion,,SIXTH WARD,42.65379,-73.76901,Entire home/apt,101,1,20,2025-04-11,0.70,12,337,9,
882229561343619620,Modern / Downtown Albany 1 BR APT,512736975,Miguelino,,TENTH WARD,42.6599733,-73.7747433,Entire home/apt,64,2,70,2025-08-17,2.49,1,243,18,
887167811237271928,The Comfort II,459472925,Gabriel,,THIRD WARD,42.66246,-73.76576,Private room,36,1,30,2025-08-23,1.09,2,248,9,
887179061681202083,The Comfort,459472925,Gabriel,,THIRD WARD,42.6628771,-73.76534029999999,Private room,36,1,30,2025-06-08,1.07,2,248,9,
888859204851381094,Walk to Downtown Albany: Ten Broeck Triangle Apt!,121680792,Evolve,,THIRD WARD,42.6573,-73.7521,Entire home/apt,,2,16,2025-05-17,0.57,6,352,4,
898743867240851780,"Airy 5Br-2Ba,Kids Rm, 6TVs,Pvt Fence-yard&Parking!",516414095,Rashawn,,TENTH WARD,42.66087,-73.78655,Entire home/apt,267,2,59,2025-08-26,2.18,1,262,16,
902166216060824525,2 bdrm Modern & Hip Apt w/ Patio,47625981,Linda,,SEVENTH WARD,42.64787,-73.76707,Entire home/apt,141,1,56,2025-08-10,2.07,18,330,13,
902326803627859755,"""The LEO Home"" Private Bedroom 4",349460842,Scott,,TENTH WARD,42.66174,-73.78325,Private room,70,30,0,,,17,309,0,
904392960639597224,/Luxury Modern Western Hideout\,4259750,Peter,,THIRTEENTH WARD,42.6652959,-73.7868778,Entire home/apt,160,1,22,2025-08-04,0.81,8,250,7,
905007131419044966,*The Red House* 4 Bedrooms‚Ä¢Beautifully Renovated,349460842,Scott,,TENTH WARD,42.66217,-73.78299,Entire home/apt,186,1,81,2025-08-22,3.09,17,359,40,
916983723755256572,Luxury apartment near Saint Peter / Albany Med,283643924,Joseph,,FOURTEENTH WARD,42.65872,-73.79555,Entire home/apt,115,3,6,2025-07-31,0.23,1,315,2,
917510613914219375,"R&R | Hospitals, Colleges + Politics",6203319,Melissa,,TENTH WARD,42.66261,-73.79158,Private room,81,1,17,2025-08-03,0.64,2,88,8,
919055506310955442,Room for rent,502751555,Grace,,FIFTH WARD,42.67292,-73.7776,Private room,93,1,0,,,1,364,0,
921076441920995839,Work hard! Play hard!,521669673,Kody,,THIRD WARD,42.6586,-73.75743,Entire home/apt,72,14,3,2024-12-21,0.12,2,268,1,
928948908785846870,Newly Renovated Gem in Melrose - Pet Friendly,441054845,Thaddeus,,THIRTEENTH WARD,42.67066,-73.79571,Entire home/apt,58,1,79,2025-09-04,3.07,2,206,37,
932618854176539492,Cozy space all on 1 floor close to U Albany,232967878,Diana,,THIRTEENTH WARD,42.67261,-73.79264,Entire home/apt,132,1,50,2025-08-21,1.91,21,71,22,
932642358896439621,Stylish top floor apt w/parking,232967878,Diana,,THIRTEENTH WARD,42.67224,-73.79301,Entire home/apt,101,1,47,2025-08-03,1.81,21,24,16,
934035097653060273,Mads Mansion - Room 7,493882819,Terra,,SIXTH WARD,42.65655,-73.77434,Private room,135,1,8,2024-10-06,0.31,6,96,1,
937837897631191844,Hudson 2 at The Argus Hotel,526358730,Argus,,SIXTH WARD,42.65867,-73.77479,Private room,166,1,2,2023-12-31,0.08,12,162,0,
937838302933205871,Hudson 1 at The Argus Hotel,526358730,Argus,,ELEVENTH WARD,42.6606,-73.77284,Private room,166,1,8,2025-07-13,0.34,12,156,2,
937917144482762419,Hudson 3 ADA at The Argus Hotel,526358730,Argus,,TENTH WARD,42.65908,-73.77456,Private room,166,1,9,2025-08-02,0.36,12,166,5,
937927979762952955,Hudson 4 at The Argus Hotel,526358730,Argus,,TENTH WARD,42.66043,-73.77432,Private room,,1,3,2025-07-10,0.24,12,170,2,
937935210290408974,Hudson 5 at The Argus Hotel,526358730,Argus,,SIXTH WARD,42.65847,-73.77272,Private room,166,1,6,2025-05-03,0.26,12,165,3,
937943638262956751,Whalen 1 Suite at The Argus Hotel,526358730,Argus,,SIXTH WARD,42.65908,-73.77326,Private room,,1,3,2025-08-18,0.15,12,153,2,
937959604296602771,Whalen 2 Deluxe at The Argus Hotel,526358730,Argus,,TENTH WARD,42.66003,-73.7732,Private room,186,1,1,2025-08-02,0.83,12,130,1,
937966967490420635,Whalen 3 at The Argus Hotel,526358730,Argus,,SIXTH WARD,42.65857,-73.7744,Private room,,1,0,,,12,160,0,
938260134617291567,Whalen 4 at The Argus Hotel,526358730,Argus,,SIXTH WARD,42.65893,-73.77448,Private room,,1,0,,,12,161,0,
938266199766701429,Knickerbocker 1 The Argus Hotel,526358730,Argus,,TENTH WARD,42.66037,-73.77327,Private room,,1,0,,,12,169,0,
938271786418327576,Knickerbocker 3 The Argus Hotel,526358730,Argus,,SIXTH WARD,42.65868,-73.77333,Private room,,1,0,,,12,169,0,
938280419686165005,Historic Carriage House  in Washington Park,526358730,Argus,,TENTH WARD,42.66036,-73.7729,Entire home/apt,320,1,17,2025-07-06,0.67,12,55,5,
938421117122010799,"The backroom with TV, Queen bed and extra futon",116935236,Felicisimo,,ELEVENTH WARD,42.6708367,-73.7853116,Private room,55,5,26,2025-06-12,1.01,5,365,4,
938431811499141903,The little room with TV and twin bed,116935236,Felicisimo,,THIRTEENTH WARD,42.66974,-73.78611,Private room,46,5,39,2025-08-22,1.51,5,360,16,
942750363293463100,The spacious room w/ tv dresser/desk,116935236,Felicisimo,,ELEVENTH WARD,42.67034,-73.7851,Private room,64,5,19,2025-06-01,0.95,5,365,7,
950211425725610511,"Historic, Spacious Mansion Suite",1717342,David,,SIXTH WARD,42.6541815,-73.76086049999999,Entire home/apt,102,1,191,2025-08-26,7.64,2,303,79,
950613505102507073,A beautiful cozy home,529844022,Shirin,,FIRST WARD,42.63855,-73.76927,Entire home/apt,,1,0,,,1,0,0,
958199983873241221,Oasis Garden Apt w/Queen Bed,172539578,David Yisrael,,FIFTEENTH WARD,42.678962799458816,-73.81724461913109,Entire home/apt,116,3,19,2024-12-17,0.87,1,336,7,
963920695464462572,Comfy studio in heart of Albany,189586864,Justin,,SIXTH WARD,42.65241,-73.77002,Entire home/apt,87,1,113,2025-08-23,4.58,1,320,59,
965313684808466476,Historic Brownstone in Downtown Albany,533703131,Abel,,THIRD WARD,42.656658760865334,-73.74939680099487,Entire home/apt,,1,6,2025-05-10,1.19,1,0,6,
966287799980701967,"Modern 2-bed Apt / Hospitals, SUNY, State Office",374765317,Tanjin,,FIFTEENTH WARD,42.67059,-73.81678,Entire home/apt,99,7,24,2025-08-31,1.01,1,180,14,
969886763377526954,Abba House historic Retreat - 1st Floor Queen Bed,382970529,Thomas,,FOURTEENTH WARD,42.66877,-73.79927,Private room,60,1,143,2025-08-29,6.35,17,267,95,
980034348801186320,Chic Madison Parkview,241123402,JShing,,SIXTH WARD,42.65312775001394,-73.76950465142727,Entire home/apt,92,1,32,2025-08-24,1.38,1,313,16,
983306819910081094,The House That Pat Built,114183978,Tyrell,,FIFTH WARD,42.66628,-73.76512,Entire home/apt,91,2,6,2025-09-02,0.26,1,159,2,
989010058281318863,Modern 1BR in a great location,75667477,Ahmad,,THIRD WARD,42.65515515851637,-73.76052582647431,Entire home/apt,82,30,9,2025-08-01,0.38,1,247,5,
990935487146379699,Garden level apartment | Center Sq-great location!,93905065,Grace,,SIXTH WARD,42.652599240074956,-73.761780139996,Entire home/apt,93,1,26,2025-08-22,1.32,1,152,7,
992119832780871644,Two bedroom close to colleges!,152762198,Allen,,FOURTEENTH WARD,42.67098,-73.80695,Entire home/apt,97,3,24,2025-08-21,1.03,9,262,10,
992554549672159765,"Beautiful  5 bedrm , 3.5 bathroom, private parking",476189412,Timothy,,SEVENTH WARD,42.64485687096462,-73.77281881169621,Entire home/apt,236,3,21,2025-08-30,1.09,1,173,15,
993431459821117738,Albany 3 Bedroom Apt. Sleeps 6,309980121,Zhechao Ronald,,SIXTH WARD,42.65623,-73.7641152,Entire home/apt,,14,12,2024-02-29,0.52,1,0,0,
999161887055542119,"Spacious Apartment Downtown Albany, NY",531209536,Amar,,THIRD WARD,42.65762,-73.75116,Entire home/apt,92,1,41,2025-08-16,1.78,2,207,21,
1004978540001566331,Elegant Albany Retreat | Mins to D/T & UAlbany,31318080,Cindy,,EIGHTH WARD,42.6555,-73.81066,Entire home/apt,158,2,64,2025-08-17,3.38,1,148,39,
1005978346817864540,Massive 4BD/3BA 2-Fl Townhouse Apt Downtown Albany,44434571,Earl Vanze,,SECOND WARD,42.64534889999999,-73.75364650000002,Entire home/apt,195,1,76,2025-09-01,3.36,11,352,42,
1007354086435981132,Top floor w/off street parking,232967878,Diana,,TENTH WARD,42.66091,-73.78453,Entire home/apt,189,1,39,2025-06-21,1.74,21,1,10,
1010759793485911351,Abba House Historic Retreat - 3rd Flr Twin Bed,382970529,Thomas,,THIRTEENTH WARD,42.67003,-73.79771,Private room,52,1,68,2025-09-03,3.03,17,263,26,
1010759799610182054,Abba House historic Retreat - 3rd Floor Single Bed,382970529,Thomas,,THIRTEENTH WARD,42.66971,-73.79755,Private room,52,1,89,2025-08-27,3.97,17,268,49,
1010760496997974537,Cozy Room with Office in Grand Manor,382970529,Thomas,,FOURTEENTH WARD,42.66806608232022,-73.79824947027458,Private room,55,1,2,2024-06-19,0.09,17,266,0,
1012862218478447339,Centrally Located 4 Story Manor,382970529,Thomas,,THIRTEENTH WARD,42.669899245465515,-73.7977031057611,Entire home/apt,869,1,0,,,17,334,0,
1013659440189111738,Abba House Historic Retreat - 2nd Floor Full Bed,382970529,Thomas,,FOURTEENTH WARD,42.66873,-73.7993,Private room,59,1,32,2025-08-25,1.43,17,254,14,
1014739415604882278,Newly Renovated Modern Look Historical Building,51050977,Manuel P.,,NINTH WARD,42.6572643,-73.7769051,Entire home/apt,80,3,1,2024-06-29,0.07,2,47,0,
1015385216942267174,Á∫ΩÁ∫¶Â∑ûÈ¶ñÂ∫úÁöÑÊ∏©È¶®Â∞èÂ±ã,182509542,Yan,,NINTH WARD,42.6558992,-73.7965699,Private room,24,1,0,,,1,89,0,
1016050146219474145,Heart of Albany - Downtown Near Everything,42708277,Rodney,,SIXTH WARD,42.65539,-73.76416,Entire home/apt,66,1,47,2025-08-08,2.10,4,60,26,
1018295677909928470,"Cozy Room w/ Walk-In Closet, Hot Tub and Coffee!",382970529,Thomas,,FOURTEENTH WARD,42.66792031298625,-73.79895760671212,Private room,56,1,29,2025-08-17,1.32,17,261,13,
1018299533220989494,Abba House Historic Retreat - 2nd Floor Queen Bed,382970529,Thomas,,THIRTEENTH WARD,42.66996,-73.79816,Private room,59,1,97,2025-08-10,4.38,17,255,46,
1018972187574908115,1 Comfy Bedroom Across the Park,37769478,Erion,,SIXTH WARD,42.6535,-73.77046,Entire home/apt,77,1,66,2025-08-04,3.01,12,347,25,
1020518500251473070,Downtown Studio,233515764,Etem,,SECOND WARD,42.64714,-73.75466,Entire home/apt,66,1,157,2025-08-18,7.36,6,243,82,
1020993107237604444,*Beautiful* Spacious Prime DT 1 Bedroom Apt w GYM,47625981,Linda,,THIRD WARD,42.6586,-73.76421,Entire home/apt,108,1,25,2025-08-02,1.15,18,116,16,
1021011347006185640,*Spacious* Modern 1 Bedroom RARE Apt w GYM,47625981,Linda,,THIRD WARD,42.65971,-73.76382,Entire home/apt,108,1,29,2025-05-11,1.35,18,358,9,
1034722814589239236,"*Huge, bright, private 2Bedroom*",130404008,Michael,,THIRD WARD,42.65711,-73.75133,Entire home/apt,91,14,2,2024-09-01,0.15,1,77,0,
1043565517982254841,2 bed room Apartment,212885959,Osas,,SECOND WARD,42.63976,-73.75705,Entire home/apt,94,1,22,2025-08-16,1.15,1,103,9,
1052381112116173923,Charming Bungalow in Albany!,52464523,Dashima,,FIRST WARD,42.64081,-73.77463,Entire home/apt,114,30,9,2025-04-18,0.44,1,309,5,
1056469473906808728,"Bonjour, Bienvenue A Chez Pierre",553112010,Lynn,,TWELFTH WARD,42.7149,-73.87649,Private room,102,2,1,2024-10-26,0.09,1,268,1,
1061814091773376272,Massive 5BD/4BA 3-Story Duplex @ Downtown Albany,44434571,Earl Vanze,,SECOND WARD,42.64418,-73.75316,Entire home/apt,329,1,20,2025-07-20,1.07,11,342,10,
1062527013885315764,"Nighthawk room, private twin near AMC, UAlbany",20536619,Emily,,THIRTEENTH WARD,42.67096,-73.79514,Private room,59,4,14,2025-08-04,0.72,13,45,8,
1075444056381274297,The Tangerine Door,542733174,Rebecca,,TWELFTH WARD,42.67908,-73.79505,Entire home/apt,,2,32,2025-08-25,1.65,1,0,19,
1079742757364810916,Lark St Oasis: Parking & Laundry,119340359,Lori,,SIXTH WARD,42.65531,-73.76449,Entire home/apt,113,2,7,2025-02-06,0.37,2,163,1,
1091500387329731524,Triplex oasis w:parking near MVP,232967878,Diana,,SECOND WARD,42.64409,-73.75709,Entire home/apt,97,2,76,2025-08-23,4.10,21,8,48,
1097201673425863720,Cozy 1-Bedroom Apt in Albany (Entire Apartment),360806709,Gloria,,SEVENTH WARD,42.64149,-73.77925,Entire home/apt,,1,56,2025-03-21,4.22,1,0,49,
1097995825442731795,New Center square studio,232967878,Diana,,SIXTH WARD,42.65269,-73.76567,Entire home/apt,104,2,55,2025-08-03,3.02,21,37,32,
1100876731732967826,"Homey, Quiet 2BR W/ Washer Dryer",152762198,Allen,,FOURTEENTH WARD,42.67008,-73.80691,Entire home/apt,95,3,36,2025-07-21,2.11,9,255,26,
1102984130027939637,Lovely 1 bedroom across the Park,37769478,Erion,,SIXTH WARD,42.65289,-73.76834,Entire home/apt,94,1,53,2025-07-28,2.91,12,365,24,
1104977057298366617,Abba House historic Retreat - 2nd Floor Queen,382970529,Thomas,,THIRTEENTH WARD,42.66943,-73.79882,Private room,55,1,51,2025-08-21,2.79,17,261,8,
1105303461851883481,Downtown Brownstone with a View!,14817455,Matt,,THIRD WARD,42.65749,-73.75263,Entire home/apt,140,7,0,,,1,268,0,
1108060100336766656,downtown,539608284,Joyhefsiba,,THIRD WARD,42.66141,-73.76361,Private room,46,30,0,,,1,365,0,
1111221935683053416,Historical Pastures,418250661,Stephanie,,THIRD WARD,42.6564469,-73.7507251,Entire home/apt,100,2,18,2025-08-10,1.01,2,359,12,
1119691401020641385,1BR Garden Apt. with Fire Pit near Washington Park,472965048,Corey,,SIXTH WARD,42.65348,-73.7637,Entire home/apt,76,1,20,2025-09-03,1.16,2,153,17,
1120212616553191970,Garden Apt Suite in Historic 1858 Row House + W/D,472965048,Corey,,SIXTH WARD,42.65194,-73.76526,Entire home/apt,82,1,32,2025-08-10,1.83,2,153,19,
1123231471304541808,"Modern townhouse 2 Bedrooms, King Bed, parking",10279606,Noriyuki,,FIFTEENTH WARD,42.66901,-73.82402,Entire home/apt,100,1,64,2025-08-27,3.79,4,328,48,
1124558577325015506,Charming 1BR Near Capitol-Dwntwn,46312980,Robert,,SECOND WARD,42.646032,-73.760482,Entire home/apt,64,3,5,2025-08-21,0.32,2,177,3,
1124632058968031818,Modern Duplex - Historical Home,46312980,Robert,,SECOND WARD,42.646032,-73.760482,Entire home/apt,102,3,5,2025-03-31,0.29,2,172,1,
1128332989288304495,Downtown Albany Vacation Rental - Chic & Walkable!,121680792,Evolve,,THIRD WARD,42.65783832009679,-73.75382158545102,Entire home/apt,106,2,3,2024-07-28,0.20,6,308,0,
1128386510439836615,Welcome home travelers,502037254,Andrew,,SEVENTH WARD,42.64893,-73.76886,Entire home/apt,75,25,2,2024-08-03,0.14,3,246,0,
1131258472427093335,"Close to MVP/Airport/SUNY; 45m-1Hr: Saratoga, LG!",440509865,John,,FIFTEENTH WARD,42.674853495878494,-73.81692445092622,Entire home/apt,,1,74,2025-08-24,5.65,1,310,67,
1134940445251354534,Calling all travelers,521669673,Kody,,THIRD WARD,42.65909,-73.75691,Entire home/apt,70,14,2,2025-05-15,0.12,2,268,1,
1135812630237897119,Cozy Bedrooms in Albany,522436003,Adriana,,THIRTEENTH WARD,42.6689614,-73.7890379,Private room,36,28,0,,,3,269,0,
1136433500940918827,"""The LEO Home"" Private Bedroom 1",349460842,Scott,,THIRTEENTH WARD,42.66368,-73.78128,Private room,56,20,0,,,17,215,0,
1141525488442370659,North Allen,522436003,Adriana,,THIRTEENTH WARD,42.6689614,-73.7890379,Private room,54,28,1,2025-08-03,0.86,3,240,1,
1142828940864329671,Safe Comfy Cozy 2 bedrooms.,574235481,Lavern,,FIRST WARD,42.64094,-73.7767,Entire home/apt,,2,4,2024-07-06,0.24,1,0,0,
1142832011692120213,Bright and Fresh 1Br Apt- Parking-Patio-Guest Fav!,129023424,Riccardo,,THIRTEENTH WARD,42.67105,-73.7995,Entire home/apt,81,7,9,2025-09-01,0.58,1,283,5,
1146241260871564965,Larson Green,233515764,Etem,,SIXTH WARD,42.6524924,-73.7674361,Entire home/apt,79,1,70,2025-08-19,4.30,6,245,50,
1146352622413555849,491 Washington Ave FL1Rare,575030103,Rehan,,ELEVENTH WARD,42.66259,-73.7733,Private room,55,2,23,2025-08-26,1.42,2,264,15,
1147092019793504034,Larson Blue,233515764,Etem,,SIXTH WARD,42.65274,-73.76779,Entire home/apt,77,1,80,2025-07-28,4.88,6,244,49,
1150611568915810847,Albany historic Washington Park,576083630,Joseph,,SIXTH WARD,42.6586049,-73.76803290000001,Entire home/apt,106,2,14,2025-08-05,0.87,1,262,8,
1158059552251999833,"""The Albany Allen Home"" Private Bedroom 1",349460842,Scott,,TENTH WARD,42.66428,-73.79249,Private room,52,28,2,2024-11-29,0.16,17,151,1,
1158239701426064904,Funky loft studio,502037254,Andrew,,THIRD WARD,42.65845,-73.75926,Entire home/apt,70,30,0,,,3,170,0,
1164651175585600815,*Private Entrance* Cozy Apt Bright + Modern W/D,47625981,Linda,,SEVENTH WARD,42.64727,-73.76758,Entire home/apt,108,1,14,2025-05-24,0.97,18,347,11,
1171795874799450911,Walk to convention center:Lark St:Capital,232967878,Diana,,SIXTH WARD,42.65314,-73.7653,Entire home/apt,145,2,59,2025-08-22,3.89,21,18,49,
1173390858101803102,New near major medical facility,232967878,Diana,,SEVENTH WARD,42.64442,-73.77938,Entire home/apt,,2,23,2025-08-18,1.67,21,0,17,
1174544643387116469,"Spacious, Modern Gem in Melrose - Pet Friendly",441054845,Thaddeus,,THIRTEENTH WARD,42.66894,-73.79549,Entire home/apt,100,1,56,2025-08-12,3.75,2,188,39,
1182574461437954732,Limited Time Listing,42708277,Rodney,,SIXTH WARD,42.6534205,-73.7639758,Entire home/apt,88,1,29,2025-08-01,1.98,4,60,21,
1183457852972127594,Upscale Listing-Heart of Albany,42708277,Rodney,,SIXTH WARD,42.65227,-73.7646,Entire home/apt,65,1,34,2025-08-23,2.45,4,60,26,
1183460523409924571,Albany Business Class Apartment,42708277,Rodney,,SIXTH WARD,42.6524,-73.76351,Entire home/apt,62,1,26,2025-08-15,1.78,4,56,24,
1185537980724624711,Empire Plaza Apartment,29483818,Ben,,SIXTH WARD,42.65327,-73.76181,Entire home/apt,86,1,167,2025-08-30,11.57,1,106,143,
1185591493744586895,"""The Albany Allen Home"" Private Bedroom 3",349460842,Scott,,FOURTEENTH WARD,42.66612,-73.79275,Private room,65,28,0,,,17,108,0,
1187591175698501325,House near major medical center,232967878,Diana,,NINTH WARD,42.65502,-73.79183,Entire home/apt,,1,29,2025-07-19,2.03,21,0,20,
1189245100874558445,Beautiful 2 Bedroom with Parking,37769478,Erion,,SIXTH WARD,42.65333,-73.7711,Entire home/apt,112,1,33,2025-08-31,2.80,12,365,33,
1189249179392132534,Lovely 1 Bedroom with Parking,37769478,Erion,,TENTH WARD,42.66215,-73.79048,Entire home/apt,83,1,41,2025-08-02,2.93,12,362,34,
1191895319439613036,"Room in Albany, 4 minutes from AMC",32379616,Fabiola,,TENTH WARD,42.6605291,-73.7831549,Private room,34,28,0,,,5,363,0,
1196459023545165129,Albany Vacation Rental w/ State Capitol Views!,121680792,Evolve,,SIXTH WARD,42.655732,-73.764735,Entire home/apt,216,5,0,,,6,359,0,
1198592120169206200,"""The LEO Home"" Private Bedroom 2",349460842,Scott,,TENTH WARD,42.66269,-73.78163,Private room,56,30,0,,,17,162,0,
1208695175897245796,"""The Albany Allen Home"" Private Bedroom 5",349460842,Scott,,TENTH WARD,42.6639,-73.7927,Private room,56,28,0,,,17,309,0,
1209313814437527365,"Dali room, private queen near AMC, UAlbany",20536619,Emily,,THIRTEENTH WARD,42.67318,-73.79345,Private room,86,4,4,2025-08-01,0.36,13,88,4,
1210875317904799284,Charming Home,147780154,Julia,,EIGHTH WARD,42.65812,-73.81912,Entire home/apt,199,3,0,,,1,358,0,
1223845635352908531,"493 Washington Ave, Albany 12206, 1st Floor",575030103,Rehan,,ELEVENTH WARD,42.66332540000001,-73.77422550000001,Entire home/apt,108,3,15,2025-08-29,1.37,2,364,15,
1224184445857718550,White Cozy Room,522436003,Adriana,,THIRTEENTH WARD,42.66859,-73.78832,Private room,55,28,2,2025-04-01,0.18,3,341,2,
1227494196390230149,/Audubon Apartment\ 3bed 1bath built1928 Pine Hill,52123673,Joseph,,THIRTEENTH WARD,42.66955,-73.78542,Entire home/apt,146,3,11,2025-08-03,0.92,3,364,11,
1229287611382413342,The Crimson Retreat,562084689,Antonio,,TENTH WARD,42.66095,-73.77813,Entire home/apt,105,1,38,2025-08-10,3.19,2,365,38,
1229302903741056027,It's Like a Treehouse,562084689,Antonio,,TENTH WARD,42.66104,-73.77971,Entire home/apt,102,1,17,2025-08-22,1.36,2,326,16,
1230257693323535013,"King Bed, Workspace & Laundry | Center Square Apt",106636448,Daniel,,SIXTH WARD,42.65507161089614,-73.76475094677727,Entire home/apt,119,1,60,2025-09-01,6.64,1,233,60,
1233366548908684664,Larson Gold,233515764,Etem,,SIXTH WARD,42.65173,-73.76786,Entire home/apt,74,1,70,2025-08-14,5.79,6,227,70,
1234376912864523021,Spacious Garden Apt in Center Square,564967431,Stephanie,,SIXTH WARD,42.65046806904435,-73.7643479581064,Entire home/apt,79,2,2,2024-10-28,0.19,3,76,2,
1237963668912797614,Tasteful‚Ä¶in more ways than one!,382970529,Thomas,,SIXTH WARD,42.655070571714035,-73.76151133328676,Entire home/apt,82,1,30,2025-08-16,2.56,17,145,30,
1242227342075722524,Nice room in downtown albany,594734396,Abdelrahman,,SECOND WARD,42.6425,-73.75889,Private room,73,1,40,2025-08-14,3.49,1,341,40,
1246452851774715158,Room close to AMC and St peter,652223872,Umit,,TENTH WARD,42.65941683202992,-73.78360267728567,Private room,45,3,4,2024-12-23,0.36,3,365,4,
1252203595666312568,"""The Albany Allen Home"" Private Bedroom 4",349460842,Scott,,TENTH WARD,42.665179051217486,-73.79260147965597,Private room,,28,0,,,17,17,0,
1252255960109808438,The Old Lawmaker's Building.,172861174,Vibha,,THIRD WARD,42.6551298,-73.75842949999999,Private room,108,1,11,2025-08-24,1.00,1,362,11,
1252258297385952172,staycation CAP region,38324986,Gregory,,EIGHTH WARD,42.64548739100758,-73.7896032151887,Entire home/apt,205,3,0,,,1,365,0,
1252301211909514289,"""The Albany Allen Home"" Private Bedroom 2",349460842,Scott,,TENTH WARD,42.66555578069533,-73.79269774597833,Private room,52,28,1,2024-11-27,0.11,17,300,1,
1256391301639690602,Apartment with Park views.,37769478,Erion,,SIXTH WARD,42.65422976833157,-73.76982577313373,Entire home/apt,89,1,14,2025-09-04,1.24,12,365,14,
1256498995571429533,"""The LEO Home"" Private Bedroom 3",349460842,Scott,,TENTH WARD,42.66226,-73.78221,Private room,52,30,0,,,17,146,0,
1264531987910224088,"*Serene* Parkside 2BR Apt: Private Entrance, W/D",47625981,Linda,,SEVENTH WARD,42.64762856666501,-73.76751684061892,Entire home/apt,131,1,34,2025-08-08,3.10,18,343,34,
1265342374507338537,Stylish studio - downtown Albany,564967431,Stephanie,,SIXTH WARD,42.65004675077063,-73.76402178164355,Entire home/apt,69,2,6,2025-03-01,0.57,3,309,6,
1266676779473584420,Row house on the park,1017349,Chris,,SIXTH WARD,42.65319027333566,-73.76970599961155,Private room,75,1,1,2024-10-26,0.09,1,83,1,
1268205616603776750,Central Location 1 Bed 1 Bath With Parking,270608641,Enkelejda,,SIXTH WARD,42.65137969505171,-73.76947069212083,Entire home/apt,77,1,27,2025-08-11,2.62,2,355,27,
1269145433396830936,King Bed in Spacious Aparment Close to Everything,382970529,Thomas,,THIRTEENTH WARD,42.66916459999999,-73.79776079999999,Private room,49,5,5,2025-05-10,0.48,17,353,5,
1273861365984558378,Short term across from UAlbany,658588120,Melinda,,TWELFTH WARD,42.686850591818136,-73.81405551801146,Entire home/apt,,365,0,,,1,358,0,
1274613024891750632,Two bedroom apartment in the heart of Albany,32379616,Fabiola,,THIRD WARD,42.66487530937626,-73.76730339028755,Entire home/apt,95,28,0,,,5,364,0,
1277717926531215616,Large Center Sq Luxury Retreat.,65760,Anthony,,SIXTH WARD,42.6497616,-73.7645287,Entire home/apt,278,6,5,2025-08-03,1.06,1,309,5,
1279781671588026640,Spacious & Quiet Townhouse Near Legislative Center,528617680,Paola,,SECOND WARD,42.6453112779392,-73.75793399720892,Private room,42,1,6,2025-02-19,0.58,1,67,6,
1284151940120079993,Budget Friendly 4-Bedroom with Modern Amenities,653956114,Michael,,TENTH WARD,42.66203830172302,-73.78922093804118,Entire home/apt,168,2,35,2025-08-24,4.61,1,167,35,
1284983740417509877,Cowen Residence Hospitality.,661066080,Conseta,,FOURTH WARD,42.67445142837617,-73.73835701264711,Entire home/apt,92,1,4,2025-07-20,0.52,1,174,4,
1288603783171108127,Lofts at Washington 109 Spacious 1 Bedroom 1 Bath,358619880,Properties By Preston,,THIRD WARD,42.65769853839876,-73.76265861973056,Entire home/apt,,31,4,2025-08-15,0.51,5,0,4,
1288603840617378795,Lofts at Washington 303 Spacious 1 Bedroom 1 Bath,358619880,Properties By Preston,,THIRD WARD,42.657972465126825,-73.76464632915632,Entire home/apt,98,31,1,2025-03-14,0.17,5,35,1,
1288603902798375521,Lofts at Washington 304 Spacious 1 Bedroom 1 Bath,358619880,Properties By Preston,,THIRD WARD,42.65735001723258,-73.76321831042932,Entire home/apt,,31,3,2025-03-01,0.32,5,0,3,
1288604046621507922,Washington Lofts 109 Spacious 1 Bedroom 1 Bath,358619880,Properties By Preston,,THIRD WARD,42.65537054523247,-73.76089577263407,Entire home/apt,,31,1,2024-12-01,0.11,5,0,1,
1288604092723663347,Lofts at Washington 310 Spacious 1 Bedroom 1 Bath,358619880,Properties By Preston,,SIXTH WARD,42.65678,-73.76367,Entire home/apt,,31,0,,,5,0,0,
1289084606313003203,"1 bedroom apt close to hospitals,3min to Albanymed",484673863,Michaela,,TENTH WARD,42.65701240741075,-73.78116252001512,Entire home/apt,82,1,32,2025-07-30,3.28,3,342,32,
1291321613053647042,The Belvedere,571617730,Zinte,,SECOND WARD,42.6445746,-73.7566836,Entire home/apt,336,1,1,2025-06-22,0.39,1,364,1,
1292881870228693830,‚ÄòThe Blue Home‚Äô Private Bedroom 3 / 1 Full Bath,349460842,Scott,,TENTH WARD,42.66229705990609,-73.78175574496683,Private room,70,30,0,,,17,166,0,
1294330125585979004,Modern Luxury 2 bedroom w/yard,353498132,Michael,,EIGHTH WARD,42.64592834063253,-73.79876141165387,Entire home/apt,186,13,0,,,6,98,0,
1295804289767410494,'The Blue Home' Private Bedroom 1 / 1 Full Bath,349460842,Scott,,THIRTEENTH WARD,42.66345629680885,-73.7818281544101,Private room,70,30,0,,,17,353,0,
1296651761769034648,Room in Albany,663670719,Elhadj,,THIRTEENTH WARD,42.664345438141105,-73.77874573138119,Private room,39,1,10,2025-09-02,1.34,3,285,10,
1296756366433115082,"Room In Albany, NY",663670719,Elhadj,,ELEVENTH WARD,42.66294970341223,-73.7789027115689,Private room,39,1,75,2025-09-05,8.04,3,281,75,
1298067362380112500,Fresh & Modernized 2BR Fl 1 Apt @ Downtown Albany,44434571,Earl Vanze,,SECOND WARD,42.64441207268658,-73.7522667363394,Entire home/apt,91,1,36,2025-09-02,4.34,11,363,36,
1298625208863760034,Mid-century Cozy Retreat W/D,47625981,Linda,,SEVENTH WARD,42.64882383528059,-73.7666466200598,Entire home/apt,108,1,6,2025-08-18,0.66,18,365,6,
1308084493028885153,‚ÄòThe Blue Home‚Äô Private Bedroom 2 / 1 Full Bath,349460842,Scott,,TENTH WARD,42.66299894556866,-73.7825558531992,Private room,56,28,1,2025-08-13,1,17,336,1,
1308111521841678866,‚ÄòThe Blue Home‚Äô Private Bedroom 4 / 1 Full Bath,349460842,Scott,,TENTH WARD,42.66239946679698,-73.78271260107455,Private room,56,30,0,,,17,308,0,
1310170283925918533,Private Room In Albany,663670719,Elhadj,,ELEVENTH WARD,42.66375890730826,-73.77674406705056,Private room,44,1,46,2025-09-04,5.33,3,316,46,
1319619558594743733,Prime Location - 1 Bedroom,559146397,Cathleen,,SIXTH WARD,42.65331,-73.76971,Entire home/apt,,31,0,,,2,328,0,
1319649416178819713,The Sweet spot,252422913,Dennis,,FIFTEENTH WARD,42.67077854215789,-73.82525054567722,Entire home/apt,99,2,4,2025-08-03,0.82,1,138,4,
1325491259534107672,Walk to Washington Park: Remote Work-Ready Apt!,121680792,Evolve,,SIXTH WARD,42.6551361,-73.7737125,Entire home/apt,96,2,2,2025-08-17,0.50,6,353,2,
1328247359330291677,The Whisky House,666182267,Tyler,,SIXTH WARD,42.65015,-73.76337,Entire home/apt,214,2,21,2025-08-25,2.96,1,260,21,
1328401906195927790,Top of The Capital,392074908,Jerry,,SIXTH WARD,42.65262,-73.76134,Entire home/apt,103,2,5,2025-07-31,0.78,4,364,5,
1329355205441244604,Albany Prime Location - 1 Bed,559146397,Cathleen,,SIXTH WARD,42.65344807383542,-73.76942854374647,Entire home/apt,84,31,0,,,2,269,0,
1334238579190312184,Charming & Roomy 3BR/1BA Fl 2 Apt @Downtown Albany,44434571,Earl Vanze,,SECOND WARD,42.6440750005831,-73.75452790055822,Entire home/apt,102,1,21,2025-08-18,3.91,11,136,21,
1346801758960246004,Stylish 1BR | Center Sq. Gem!,299638115,Flerida,,SIXTH WARD,42.6556643,-73.7618859,Entire home/apt,66,1,7,2025-08-24,3.00,4,328,7,
1350831900774924999,Cozy Home in Heart of Albany,677372979,Celia,,TWELFTH WARD,42.68507834404223,-73.79764015056868,Entire home/apt,126,7,3,2025-05-01,0.47,1,309,3,
1350872245042831459,Capital City Escape,10279606,Noriyuki,,FIFTEENTH WARD,42.67003713546928,-73.82302715231661,Entire home/apt,159,1,38,2025-08-30,5.62,4,326,38,
1358581858384454275,Two bedroom apartment in Albany,32379616,Fabiola,,THIRD WARD,42.66526304906058,-73.76716070107956,Entire home/apt,76,28,0,,,5,363,0,
1363867065584533091,A piece of mind,650062372,Mataiya,,THIRTEENTH WARD,42.66891,-73.79096,Entire home/apt,188,1,6,2025-07-20,1.42,1,353,6,
1365428503448527322,Downtown Albany Large 2BR | Free Parking,664328482,Oluyinka,,SECOND WARD,42.6436654,-73.7536006,Entire home/apt,94,2,35,2025-08-19,5.59,1,364,35,
1366933239765507591,Vacation Home in Albany,680411288,Stephanie,,EIGHTH WARD,42.64533014600323,-73.789131045637,Entire home/apt,258,2,27,2025-08-29,4.68,1,324,27,
1369127908322228929,Capital Comfort Stay,584109093,Cecilia,,FOURTH WARD,42.66159372265361,-73.75439956511829,Entire home/apt,86,1,25,2025-08-30,4.31,1,339,25,
1369768924474303403,Near Hospitals: Home w/ Yard in Albany!,121680792,Evolve,,FIRST WARD,42.63962651941938,-73.7733080081594,Entire home/apt,,2,0,,,6,364,0,
1371626040166892504,Central cozy quiet 4 bedroom w/King bed,20536619,Emily,,TENTH WARD,42.66315402479468,-73.78910123743358,Entire home/apt,301,14,1,2025-08-04,0.88,13,39,1,
1371829070623409671,"Walk to Albany Med, MVP Arena, Washington Park",265861488,Vander,,SIXTH WARD,42.65040602684423,-73.76433185078635,Entire home/apt,86,1,40,2025-08-31,7.79,1,299,40,
1374747174653747946,"PrivateDriveway+UAlbany2mi+600MBWiFi+120""Projector",193923901,Liza,,FOURTEENTH WARD,42.66993682830468,-73.80820494973753,Entire home/apt,314,3,8,2025-08-31,4.90,1,343,8,
1375007693720508441,A peaceful home away from home,385963105,Samantha,,FOURTEENTH WARD,42.66598411229728,-73.81880097091198,Entire home/apt,128,7,2,2025-06-30,0.57,1,88,2,
1376989617162173438,Cozy Sunshine,233515764,Etem,,SEVENTH WARD,42.64764408604364,-73.7715925383664,Entire home/apt,73,1,4,2025-08-15,0.75,6,241,4,
1377446918025263146,"Woodlands room, private queen, walk to AMC",20536619,Emily,,TENTH WARD,42.66148231183373,-73.78761856260732,Private room,70,28,2,2025-08-22,1.58,13,142,2,
1377471842094741150,"Crimson private queen room, walk to Albany Med",20536619,Emily,,TENTH WARD,42.66310642184764,-73.78716159656459,Private room,65,28,0,,,13,160,0,
1377480167938312156,"Peony room, private w/ King bed!",20536619,Emily,,TENTH WARD,42.66183099633526,-73.78755056940085,Private room,68,4,1,2025-07-15,0.56,13,178,1,
1379906377578749938,Cozy Sunset,233515764,Etem,,SEVENTH WARD,42.64628669280813,-73.7715308891403,Entire home/apt,73,1,18,2025-08-23,3.20,6,333,18,
1380555997747082021,Albany Central Hotel w/Breakfast Next to Downtown,466790114,Zohar,,ELEVENTH WARD,42.6800233833328,-73.78522330726621,Private room,43,1,10,2025-08-16,1.96,22,365,10,
1381163571420241600,Elegant Albany Home Next Downtown Free Breakfast,466790114,Zohar,,ELEVENTH WARD,42.68231684583981,-73.7836715628194,Entire home/apt,44,1,14,2025-08-03,2.64,22,365,14,
1383513241348424944,Cozy Home 5 STAR AREA W/Parking,654226760,Jahwan,,FOURTEENTH WARD,42.66191,-73.7974412,Entire home/apt,89,1,15,2025-09-02,6.72,1,356,15,
1383910626115273822,"Cranberry room, large private queen, central loc.",20536619,Emily,,TENTH WARD,42.66317303594558,-73.78912755444637,Private room,65,28,1,2025-07-31,0.79,13,152,1,
1390171272060324410,New Large Bedroom! Has Parking!,55596850,Alain,,NINTH WARD,42.66002,-73.79333,Private room,43,5,1,2025-05-15,0.26,3,248,1,
1393472438317281309,Cozy Albany Suite Close to downtown W/breakfast.,466790114,Zohar,,ELEVENTH WARD,42.67776,-73.78216,Entire home/apt,50,1,9,2025-08-31,1.85,22,365,9,
1393482542585537728,Cozy Albany Suite Next to downtown W/breakfast,466790114,Zohar,,FIFTH WARD,42.67652148547361,-73.78111383843994,Entire home/apt,43,1,3,2025-06-22,0.61,22,365,3,
1393489507693048211,Albany 2 Beds Home Next to Downtown W/Breakfast,466790114,Zohar,,ELEVENTH WARD,42.6774277859628,-73.78242873068034,Entire home/apt,49,1,8,2025-08-30,2.31,22,363,8,
1393634713342137582,Albany Modern 2 Beds Room with breakfast,466790114,Zohar,,ELEVENTH WARD,42.67610273877896,-73.78233682651273,Entire home/apt,45,1,8,2025-08-20,2.11,22,364,8,
1393634936904017469,New Bedroom! Includes Parking!,55596850,Alain,,NINTH WARD,42.659475284293904,-73.79368120012339,Private room,51,14,3,2025-08-26,0.69,3,342,3,
1393638070589049592,Elegant Albany 2 Beds Room with free Breakfast,466790114,Zohar,,FIFTH WARD,42.67651022767566,-73.78215501783329,Entire home/apt,44,1,6,2025-08-16,1.43,22,365,6,
1395671676833912969,The Small Yellow Room with twin bed /tv,116935236,Felicisimo,,THIRTEENTH WARD,42.669917189344,-73.78632927186241,Private room,43,5,1,2025-08-21,1,5,358,1,
1396921235971014566,New Bedroom Centrally Located! Parking & Laundry,55596850,Alain,,FOURTEENTH WARD,42.661116057130855,-73.79408139551636,Private room,,28,3,2025-08-30,1.11,3,3,3,
1402461183704514588,4 bedroom house in Albany,32379616,Fabiola,,TENTH WARD,42.6605291,-73.7831549,Entire home/apt,129,28,2,2025-08-10,0.87,5,364,2,
1405327220192978468,Room near SUNY Albany,32379616,Fabiola,,TENTH WARD,42.659903296506094,-73.78257397435888,Private room,44,28,0,,,5,363,0,
1405768102601327206,Historic Studio and Great Eats,382970529,Thomas,,SIXTH WARD,42.655450233068514,-73.76273815121087,Entire home/apt,81,2,7,2025-08-04,2.44,17,33,7,
1409646921435856252,Albany Getaway Near Brewery District,692671333,Paul,,FOURTH WARD,42.67225930444639,-73.7390519905538,Entire home/apt,92,2,1,2025-08-30,1,1,89,1,
1414503206938039174,Beautiful 1 bed apartment,477328400,Tyler,,SEVENTH WARD,42.648787315458335,-73.76675859025983,Entire home/apt,103,1,5,2025-08-31,1.53,1,361,5,
1415956224087762543,"Near All 
Downtown Albany Apartment",232589050,Lauren,,SECOND WARD,42.6456774,-73.7602082,Entire home/apt,90,1,13,2025-08-22,3.71,1,94,13,
1417686058428307591,Charming Historic Apartment,270608641,Enkelejda,,SIXTH WARD,42.65166,-73.76622,Entire home/apt,78,1,0,,,2,301,0,
1419803505997334256,Modern Historical Albany Living,51050977,Manuel P.,,NINTH WARD,42.6572643,-73.7769051,Entire home/apt,144,7,0,,,2,312,0,
1429997390383679972,Downtown Albany ‚Ä¢ Hot Tub ‚Ä¢ Game Room ‚Ä¢ eV Charger,71003491,Yasiel,,THIRD WARD,42.65665,-73.74868,Entire home/apt,,2,5,2025-09-02,3.13,1,124,5,
1430417055174000914,Caf√© Capriccio Suite,418024477,Marlene,,SECOND WARD,42.64619243272902,-73.75658877629596,Entire home/apt,,1,7,2025-08-18,3.00,1,156,7,
1432721201430838386,/Purple Potty\3bed1ba Apartment,52123673,Joseph,,THIRTEENTH WARD,42.669159851758046,-73.78528794056903,Entire home/apt,121,2,4,2025-08-31,2.45,3,345,4,
1432823196473666155,"Charming, Stylish Apt Downtown",531209536,Amar,,THIRD WARD,42.6579207870488,-73.75026566418697,Entire home/apt,107,7,0,,,2,270,0,
1434108183586713709,Albany Comfy Suite Next to Downtown with Breakfast,466790114,Zohar,,ELEVENTH WARD,42.682246872011966,-73.78338389658927,Entire home/apt,47,1,10,2025-09-04,3.26,22,365,10,
1434112653259573474,Albany Stylish Room minutes to Downtown.,466790114,Zohar,,ELEVENTH WARD,42.680525565301686,-73.7852461638938,Entire home/apt,45,1,1,2025-07-12,0.53,22,361,1,
1435590570769303352,Apartment in the heart of Downtown Albany,167102397,Nathan,,SIXTH WARD,42.65422697397571,-73.76720390736077,Entire home/apt,73,2,7,2025-08-18,2.80,1,159,7,
1435797229942642808,Global Entry Unit # 1 (2nd Floor Walk-up),130497392,Dale,,SIXTH WARD,42.65759,-73.7652,Entire home/apt,234,7,0,,,2,365,0,
1439472202376740681,Timelessly Restored 2-Bed Fl 2 Apt @DowntownAlbany,44434571,Earl Vanze,,SECOND WARD,42.64439,-73.75296,Entire home/apt,102,1,12,2025-09-01,4.62,11,349,12,
1441615290727481693,Room close to AMed and St peters,652223872,Umit,,TENTH WARD,42.66035,-73.78296,Private room,44,3,2,2025-07-30,0.79,3,365,2,
1447202556849361134,/Red Den Apartment\3bed1bath,52123673,Joseph,,THIRTEENTH WARD,42.66951,-73.78736,Entire home/apt,148,2,1,2025-07-20,0.61,3,363,1,
1448501719166920474,Comfy & Convenient 2-Bed Fl 1 Apt @DowntownAlbany,44434571,Earl Vanze,,SECOND WARD,42.64587,-73.75356,Entire home/apt,89,1,3,2025-08-23,1.41,11,364,3,
1450136720901316807,A charming apartment.,675767467,Jeffrey,,SECOND WARD,42.64535,-73.75678,Entire home/apt,59,2,11,2025-09-03,7.50,2,332,11,
1450156329560932974,Spacious convenient to Hospital and capital,675767467,Jeffrey,,SECOND WARD,42.645104811339436,-73.75712113379716,Entire home/apt,56,2,6,2025-08-30,3.53,2,274,6,
1453492870365548802,Comfy Albany Budget,696324825,Martin,,ELEVENTH WARD,42.67956421080125,-73.78413873235537,Entire home/apt,71,1,0,,,4,95,0,
1453492932761928507,Clean Albany by Shops,696324825,Martin,,ELEVENTH WARD,42.67843985371701,-73.78219894053687,Entire home/apt,72,1,1,2025-08-02,0.83,4,94,1,
1453493003584640545,Standard Albany | Central,696324825,Martin,,ELEVENTH WARD,42.67878121331852,-73.78212919711405,Entire home/apt,72,1,2,2025-08-10,1.40,4,95,2,
1453613438210134104,Modern Albany Queen | Shops,696324825,Martin,,ELEVENTH WARD,42.67966,-73.78224,Entire home/apt,69,1,0,,,4,95,0,
1454413975547667690,Cozy Albany Space with Breakfast Next to Downtown,466790114,Zohar,,FIFTH WARD,42.67725,-73.78034,Entire home/apt,46,1,2,2025-09-03,1.50,22,365,2,
1454415655361201543,Albany Cozy  room W/Breakfast Close to Downtown,466790114,Zohar,,FIFTH WARD,42.67619,-73.78121,Entire home/apt,43,1,2,2025-08-04,1.36,22,365,2,
1454417108090792705,Albany Modern Room W/Breakfast Next to Downtown,466790114,Zohar,,FIFTH WARD,42.67639,-73.78086,Entire home/apt,42,1,4,2025-08-16,2.35,22,365,4,
1454418356838968327,Albany Modern room W/Breakfast Close to Downtown,466790114,Zohar,,FIFTH WARD,42.67612,-73.78092,Entire home/apt,45,1,12,2025-09-03,5.54,22,364,12,
1455799924350084157,Charming 1 Bedroom House,37769478,Erion,,TENTH WARD,42.66355584811417,-73.7934588865277,Entire home/apt,96,2,5,2025-08-18,2.68,12,310,5,
1456068648939807762,"safe, Cozy Stay in Albany NY",159966670,Manzur,,FOURTEENTH WARD,42.6647,-73.79427,Private room,51,1,11,2025-08-22,5.59,1,351,11,
1459126168828019962,The Dove's Nest of Albany,363028988,Roland,,FOURTEENTH WARD,42.6677,-73.80023,Private room,48,2,2,2025-07-29,1.11,1,344,2,
1459718314728545998,Historic Downtown Albany 2 Bdrm,272907816,Angela,,SECOND WARD,42.64604,-73.75419,Entire home/apt,105,2,3,2025-08-04,1.84,3,30,3,
1462505515338851900,Cozy Luxury Brownstone Stay w/ Yard & Parking,181867269,Andres,,SECOND WARD,42.64403,-73.75853,Entire home/apt,126,1,8,2025-08-24,5.71,2,342,8,
1464782804892875821,Cozy Historic 2BR ‚Ä¢ Private Deck ‚Ä¢ Garage Parking,181867269,Andres,,SECOND WARD,42.64491,-73.7594,Entire home/apt,126,1,3,2025-08-19,2.31,2,355,3,
1465797274904716360,Downtown Living Space,418250661,Stephanie,,THIRD WARD,42.65704,-73.75167,Entire home/apt,90,14,0,,,2,351,0,
1468113967156529966,Albany Cozy Hotel 2 beds room Next to Downtown,466790114,Zohar,,FIFTH WARD,42.67627,-73.78226,Entire home/apt,44,1,0,,,22,365,0,
1468116522806636814,Cozy Albany Room W/Breakfast minutes to Downtown,466790114,Zohar,,FIFTH WARD,42.67663,-73.78053,Entire home/apt,42,1,3,2025-08-23,2.57,22,365,3,
1468119019136340688,Central Albany Hotel Room Next to Downtown,466790114,Zohar,,FIFTH WARD,42.67602,-73.78066,Entire home/apt,45,1,0,,,22,365,0,
1468802371483451790,Sunny top floor unit w/parking,232967878,Diana,,TWELFTH WARD,42.673270710708785,-73.79141634248552,Entire home/apt,142,2,0,,,21,88,0,
1470493488040078187,The Madison- Work Friendly Apt with Parking,564967431,Stephanie,,SIXTH WARD,42.65116120175577,-73.76489493995905,Entire home/apt,64,2,0,,,3,308,0,
1472122509160785254,Bright & Airy 1 BDRM Private Apt,47625981,Linda,,FOURTH WARD,42.65791,-73.74669,Entire home/apt,104,1,2,2025-08-03,1.46,18,358,2,
1473485941065182946,Slate private queen room near AMC,20536619,Emily,,TENTH WARD,42.66295,-73.78792,Private room,68,28,1,2025-07-31,0.79,13,79,1,
1473500943932986440,"Silver private queen room, central location",20536619,Emily,,TENTH WARD,42.66241617967561,-73.78837960927946,Private room,66,28,0,,,13,88,0,
1473509751949424528,"Ivory private queen, walk to AMC",20536619,Emily,,TENTH WARD,42.66325814454161,-73.78982669559142,Private room,95,28,0,,,13,178,0,
1476084665532782592,Sienna private queen near AMC,20536619,Emily,,TENTH WARD,42.66232293480178,-73.78771391087372,Private room,70,28,1,2025-08-11,1,13,140,1,
1476780998285613744,Downtown Luxe- Steps to MVP Arena & NYS Capital,710552538,Jonathan,,THIRD WARD,42.6498098,-73.75325649999999,Entire home/apt,52,2,2,2025-08-25,2,1,299,2,
1477111453930200793,Ontario's Luxe House,10279606,Noriyuki,,NINTH WARD,42.65547,-73.78949,Entire home/apt,164,1,5,2025-09-05,5,4,343,5,
1477115953609986339,Global Entry Unit # 2 (3rd Floor Walk-up),130497392,Dale,,SIXTH WARD,42.65787363814481,-73.76544767506958,Entire home/apt,238,7,0,,,2,365,0,
1477468172276783780,Black&Gold Spacious 4br/1ba flat,20536619,Emily,,TENTH WARD,42.66344,-73.78752,Entire home/apt,261,21,0,,,13,49,0,
1479180592963909643,Room close to AMC and St Peter‚Äôs,652223872,Umit,,TENTH WARD,42.659317,-73.7837261,Private room,51,3,3,2025-08-15,2.65,3,362,3,
1479696659954496070,Central Albany Retreat | Walk Everywhere + Parking,19648678,Terra,,SIXTH WARD,42.6523779,-73.7671603,Entire home/apt,85,1,0,,,5,358,0,
1481862654824444067,Elegant Albany room with Breakfast Next Downtown,466790114,Zohar,,ELEVENTH WARD,42.67808,-73.78208,Entire home/apt,45,1,0,,,22,365,0,
1481865863422349835,Albany Lovely room Next to Downtown W/Breakfast,466790114,Zohar,,FIFTH WARD,42.675801777825,-73.78036874911213,Entire home/apt,42,1,0,,,22,363,0,
1481869272871304149,Albany Cozy space with Breakfast Next to Downtown,466790114,Zohar,,FIFTH WARD,42.67736,-73.78108,Entire home/apt,49,1,1,2025-08-18,1,22,364,1,
1482199242377376639,Elegant Albany Room W/Breakfast Next to Downtown,466790114,Zohar,,ELEVENTH WARD,42.680940501431586,-73.7846106000441,Entire home/apt,48,1,2,2025-08-20,2,22,365,2,
1484941170076843642,Master Room ‚Äì Best City Location,534733076,Danyal,,SIXTH WARD,42.65287673481187,-73.7688223645091,Private room,79,1,2,2025-08-24,2,2,365,2,
1485723149961736573,Albany Lovely room with Breakfast Next to Downtown,466790114,Zohar,,ELEVENTH WARD,42.68205,-73.7846,Entire home/apt,39,1,0,,,22,365,0,
1485726503410193437,Albany Cozy room W/Breakfast minutes to Downtown,466790114,Zohar,,ELEVENTH WARD,42.68211,-73.78306,Entire home/apt,45,1,1,2025-08-27,1,22,365,1,
1486971933919777260,Budget Friendly 2 BDRM with Modern Amenities WILL1,65282034,Diana,,SIXTH WARD,42.65406,-73.76964,Entire home/apt,100,1,3,2025-08-29,3,1,362,3,
1498161268794053659,Apartment in Albany,111760206,Rachel,,SIXTH WARD,42.65334,-73.76605,Entire home/apt,59,1,0,,,1,340,0,
1498884258657376096,Cozy Room - Best City Location,534733076,Danyal,,SIXTH WARD,42.653261512538336,-73.76980902840452,Private room,57,1,2,2025-09-04,2,2,361,2,
1503537470526077849,The Old Blue Space,426223840,Antonio,,ELEVENTH WARD,42.66452327071085,-73.77739963718653,Entire home/apt,117,1,0,,,1,365,0,
